video_id,frame_id,left_hip_x,left_hip_y,left_hip_z,left_hip_visibility,right_hip_x,right_hip_y,right_hip_z,right_hip_visibility,left_knee_x,left_knee_y,left_knee_z,left_knee_visibility,right_knee_x,right_knee_y,right_knee_z,right_knee_visibility,left_ankle_x,left_ankle_y,left_ankle_z,left_ankle_visibility,right_ankle_x,right_ankle_y,right_ankle_z,right_ankle_visibility,left_heel_x,left_heel_y,left_heel_z,left_heel_visibility,right_heel_x,right_heel_y,right_heel_z,right_heel_visibility
Ollie32,0,0.5737598538398743,0.49513015151023865,0.0458243265748024,0.9998589754104614,0.592049777507782,0.5037846565246582,-0.04616355895996094,0.999832272529602,0.5647391676902771,0.5037719011306763,0.29988545179367065,0.8025761246681213,0.5853888392448425,0.4996601343154907,0.12972034513950348,0.7894247174263,0.5413023233413696,0.5200262069702148,0.49976563453674316,0.8535824418067932,0.5590655207633972,0.5571783185005188,0.32126498222351074,0.8355351686477661,0.5344761610031128,0.5327396988868713,0.5159297585487366,0.7290914058685303,0.5524752736091614,0.5709153413772583,0.3376850485801697,0.6736025810241699
