video_id,frame_id,left_hip_x,left_hip_y,left_hip_z,left_hip_visibility,right_hip_x,right_hip_y,right_hip_z,right_hip_visibility,left_knee_x,left_knee_y,left_knee_z,left_knee_visibility,right_knee_x,right_knee_y,right_knee_z,right_knee_visibility,left_ankle_x,left_ankle_y,left_ankle_z,left_ankle_visibility,right_ankle_x,right_ankle_y,right_ankle_z,right_ankle_visibility,left_heel_x,left_heel_y,left_heel_z,left_heel_visibility,right_heel_x,right_heel_y,right_heel_z,right_heel_visibility
Ollie45,18,0.7688872218132019,0.5294117331504822,0.014852228574454784,0.9997464418411255,0.7615196108818054,0.5264711380004883,-0.015375370159745216,0.999823272228241,0.751765251159668,0.39262455701828003,0.03158353641629219,0.4251001179218292,0.7269144058227539,0.3879337012767792,-0.1052924171090126,0.8387660980224609,0.7401317358016968,0.28718897700309753,-0.039613258093595505,0.5958605408668518,0.7631954550743103,0.2007249891757965,-0.2121770679950714,0.820232093334198,0.7453590035438538,0.2711261808872223,-0.048935044556856155,0.6937688589096069,0.7777175903320312,0.176346093416214,-0.22123520076274872,0.816622257232666
Ollie45,19,0.7577677369117737,0.4341999590396881,-0.018067751079797745,0.9997708797454834,0.7820263504981995,0.48198023438453674,0.01768910512328148,0.9998398423194885,0.7861076593399048,0.22270838916301727,-0.1194780245423317,0.48249584436416626,0.9179313778877258,0.42110806703567505,-0.1533508151769638,0.854704737663269,0.7749939560890198,0.2487863004207611,0.06991752982139587,0.6270050406455994,0.8068084716796875,0.37503382563591003,0.06322896480560303,0.8180218935012817,0.7655463218688965,0.26197847723960876,0.09327347576618195,0.7107759714126587,0.7793838381767273,0.38359832763671875,0.09278975427150726,0.8201221823692322
Ollie45,20,0.7478404641151428,0.4627743363380432,-0.029371321201324463,0.9997928738594055,0.7808472514152527,0.4817289113998413,0.0287450160831213,0.999854564666748,0.8257548213005066,0.29918280243873596,-0.08909208327531815,0.5224971175193787,0.8864904642105103,0.41817963123321533,-0.06301388889551163,0.8308688402175903,0.7656421661376953,0.3637898564338684,0.14612188935279846,0.5715289115905762,0.7958315014839172,0.4325982928276062,0.12011514604091644,0.7449440360069275,0.7588778138160706,0.38060054183006287,0.17455795407295227,0.6524219512939453,0.7784753441810608,0.44243189692497253,0.1438392698764801,0.7569484114646912
