video_id,frame_id,left_hip_x,left_hip_y,left_hip_z,left_hip_visibility,right_hip_x,right_hip_y,right_hip_z,right_hip_visibility,left_knee_x,left_knee_y,left_knee_z,left_knee_visibility,right_knee_x,right_knee_y,right_knee_z,right_knee_visibility,left_ankle_x,left_ankle_y,left_ankle_z,left_ankle_visibility,right_ankle_x,right_ankle_y,right_ankle_z,right_ankle_visibility,left_heel_x,left_heel_y,left_heel_z,left_heel_visibility,right_heel_x,right_heel_y,right_heel_z,right_heel_visibility
Ollie53,0,0.48985061049461365,0.07641621679067612,0.023919086903333664,0.90651935338974,0.5074719190597534,0.11523166298866272,-0.024576086550951004,0.9328271150588989,0.400179386138916,0.16861894726753235,0.2098385989665985,0.057441163808107376,0.424483060836792,0.2369026392698288,0.03700178116559982,0.0691559836268425,0.3257994055747986,0.28389161825180054,0.28336554765701294,0.056099001318216324,0.3719668686389923,0.3730889558792114,-0.026325847953557968,0.06554221361875534,0.31832391023635864,0.2833575904369354,0.28849107027053833,0.16058655083179474,0.36865365505218506,0.37324726581573486,-0.03250601142644882,0.1386202871799469
Ollie53,1,0.48630744218826294,0.12952262163162231,-0.002636504825204611,0.9023805856704712,0.4966201186180115,0.16188576817512512,0.002089922083541751,0.9326333403587341,0.4308757185935974,0.2753354609012604,0.21060605347156525,0.05187315493822098,0.41982364654541016,0.2927817106246948,0.039330240339040756,0.06278625130653381,0.4198452830314636,0.38345491886138916,0.3685542941093445,0.0506003238260746,0.4297696650028229,0.42084652185440063,0.004369753412902355,0.05941525101661682,0.42219310998916626,0.38146650791168213,0.3830661177635193,0.14485473930835724,0.44283515214920044,0.41808953881263733,0.001354752341285348,0.12619845569133759
