video_id,frame_id,left_hip_x,left_hip_y,left_hip_z,left_hip_visibility,right_hip_x,right_hip_y,right_hip_z,right_hip_visibility,left_knee_x,left_knee_y,left_knee_z,left_knee_visibility,right_knee_x,right_knee_y,right_knee_z,right_knee_visibility,left_ankle_x,left_ankle_y,left_ankle_z,left_ankle_visibility,right_ankle_x,right_ankle_y,right_ankle_z,right_ankle_visibility,left_heel_x,left_heel_y,left_heel_z,left_heel_visibility,right_heel_x,right_heel_y,right_heel_z,right_heel_visibility
Kickflip81,0,0.553874135017395,0.025475362315773964,0.023650135844945908,0.9654360413551331,0.6027539968490601,0.03664523735642433,-0.023936621844768524,0.9702895879745483,0.5544441938400269,-0.10319656878709793,0.1418590545654297,0.5718430876731873,0.6146929264068604,-0.09034525603055954,0.18463720381259918,0.6892260313034058,0.5678040981292725,-0.28332680463790894,0.5037260055541992,0.5758973956108093,0.636206328868866,-0.23173879086971283,0.621942400932312,0.5954519510269165,0.5712416768074036,-0.30972400307655334,0.531983494758606,0.5898123383522034,0.6377978324890137,-0.25401684641838074,0.6592795252799988,0.5771909356117249
