video_id,frame_id,left_hip_x,left_hip_y,left_hip_z,left_hip_visibility,right_hip_x,right_hip_y,right_hip_z,right_hip_visibility,left_knee_x,left_knee_y,left_knee_z,left_knee_visibility,right_knee_x,right_knee_y,right_knee_z,right_knee_visibility,left_ankle_x,left_ankle_y,left_ankle_z,left_ankle_visibility,right_ankle_x,right_ankle_y,right_ankle_z,right_ankle_visibility,left_heel_x,left_heel_y,left_heel_z,left_heel_visibility,right_heel_x,right_heel_y,right_heel_z,right_heel_visibility
Kickflip99,8,0.6064635515213013,0.4849189817905426,-0.014429621398448944,0.9999526739120483,0.6333868503570557,0.48134058713912964,0.014181405305862427,0.9999731779098511,0.5711365342140198,0.5089997053146362,0.07100091874599457,0.3908616900444031,0.6409596800804138,0.5176733136177063,0.10997359454631805,0.9228410720825195,0.5833413004875183,0.5500901341438293,0.2007005512714386,0.7607994079589844,0.6478869915008545,0.5591681599617004,0.2538073658943176,0.954216718673706,0.5897147059440613,0.558285653591156,0.21241042017936707,0.8350676894187927,0.6494180560112,0.5672072768211365,0.2681812345981598,0.9104405045509338
Kickflip99,9,0.605592668056488,0.4819822311401367,-0.011314192786812782,0.9999529719352722,0.6338242888450623,0.4814184010028839,0.0110471835359931,0.9999719262123108,0.5674659609794617,0.5017202496528625,0.0057054380886256695,0.43699461221694946,0.6417934894561768,0.5166134834289551,0.00433493684977293,0.9168254733085632,0.5831320285797119,0.5374142527580261,0.04350215941667557,0.782876193523407,0.650282084941864,0.5565720796585083,0.061095625162124634,0.9551751017570496,0.5897340178489685,0.5412424802780151,0.04580617696046829,0.849055826663971,0.6515819430351257,0.5657179951667786,0.06625188142061234,0.913522481918335
Kickflip99,11,0.6128894686698914,0.45088309049606323,-0.013911813497543335,0.9999344348907471,0.6395172476768494,0.45579713582992554,0.013625296764075756,0.9999554753303528,0.5648587942123413,0.47438111901283264,-0.022431939840316772,0.4856644570827484,0.6459016799926758,0.505346417427063,0.060003042221069336,0.8922199010848999,0.5837411284446716,0.5124874711036682,-0.04433880373835564,0.8024494647979736,0.653437614440918,0.53730309009552,0.08274736255407333,0.9524720311164856,0.5933626890182495,0.5188739895820618,-0.047002360224723816,0.8592963814735413,0.6537501215934753,0.5447887778282166,0.0851932168006897,0.9075512290000916
