video_id,frame_id,left_hip_x,left_hip_y,left_hip_z,left_hip_visibility,right_hip_x,right_hip_y,right_hip_z,right_hip_visibility,left_knee_x,left_knee_y,left_knee_z,left_knee_visibility,right_knee_x,right_knee_y,right_knee_z,right_knee_visibility,left_ankle_x,left_ankle_y,left_ankle_z,left_ankle_visibility,right_ankle_x,right_ankle_y,right_ankle_z,right_ankle_visibility,left_heel_x,left_heel_y,left_heel_z,left_heel_visibility,right_heel_x,right_heel_y,right_heel_z,right_heel_visibility
Kickflip91,0,0.7602070569992065,0.43839919567108154,-0.01760968565940857,0.9972890615463257,0.7621290683746338,0.4385402500629425,0.017526689916849136,0.9973633885383606,0.6972714066505432,0.4585781991481781,-0.013989831320941448,0.4369800090789795,0.7229762077331543,0.46729856729507446,0.01499352790415287,0.79438716173172,0.6525998115539551,0.48541033267974854,0.02375778555870056,0.6933465600013733,0.6639478802680969,0.4913645088672638,0.04877893626689911,0.8067513108253479,0.646195650100708,0.49483585357666016,0.024210840463638306,0.7115617394447327,0.6538509130477905,0.4966317415237427,0.04967929422855377,0.7156797647476196
